episode,total_reward,steps,checkpoints,laps,epsilon
1,427.0,90,2,0,0.9930
2,219.5,47,1,0,0.9910
3,189.0,42,1,0,0.9890
4,118.0,35,1,0,0.9871
5,106.0,36,1,0,0.9851
6,196.5,46,1,0,0.9831
7,343.0,74,2,0,0.9812
8,279.0,60,1,0,0.9792
9,141.5,40,1,0,0.9772
10,409.0,100,2,0,0.9753
11,443.5,85,2,0,0.9733
12,144.5,32,1,0,0.9714
13,306.0,72,1,0,0.9694
14,258.0,58,1,0,0.9675
15,199.0,44,1,0,0.9656
16,309.5,65,1,0,0.9636
17,465.0,94,2,0,0.9617
18,277.5,65,1,0,0.9598
19,130.5,35,1,0,0.9579
20,228.0,52,1,0,0.9559
21,127.5,35,1,0,0.9540
22,468.0,91,2,0,0.9521
23,341.5,66,2,0,0.9502
24,477.0,95,2,0,0.9483
25,459.0,87,2,0,0.9464
26,164.5,36,1,0,0.9445
27,406.5,82,2,0,0.9426
28,144.0,33,1,0,0.9408
29,244.0,53,1,0,0.9389
30,431.0,88,2,0,0.9370
31,448.5,91,2,0,0.9351
32,182.5,41,1,0,0.9333
33,291.5,68,1,0,0.9314
34,234.0,59,1,0,0.9295
35,124.5,33,1,0,0.9277
36,197.5,49,1,0,0.9258
37,438.0,85,2,0,0.9240
38,359.0,67,2,0,0.9221
39,464.5,87,2,0,0.9203
40,115.5,32,1,0,0.9184
41,442.0,88,2,0,0.9166
42,159.5,35,1,0,0.9148
43,378.5,72,2,0,0.9129
44,479.0,91,2,0,0.9111
45,148.5,35,1,0,0.9093
46,215.0,45,1,0,0.9075
47,374.0,70,2,0,0.9056
48,449.0,85,2,0,0.9038
49,194.5,42,1,0,0.9020
50,279.0,60,1,0,0.9002
51,449.0,85,2,0,0.8984
52,168.5,39,1,0,0.8966
53,169.0,38,1,0,0.8948
54,379.5,70,2,0,0.8930
55,445.5,94,2,0,0.8913
56,421.5,87,2,0,0.8895
57,396.0,97,2,0,0.8877
58,178.5,41,1,0,0.8859
59,443.5,85,2,0,0.8841
60,268.0,74,1,0,0.8824
61,238.5,53,1,0,0.8806
62,297.5,67,1,0,0.8789
63,469.5,88,2,0,0.8771
64,377.5,74,2,0,0.8753
65,401.5,83,2,0,0.8736
66,435.5,87,2,0,0.8718
67,382.0,76,2,0,0.8701
68,459.0,87,2,0,0.8684
69,444.5,83,2,0,0.8666
70,281.5,68,1,0,0.8649
71,462.5,91,2,0,0.8632
72,451.5,88,2,0,0.8614
73,449.0,96,2,0,0.8597
74,446.5,87,2,0,0.8580
75,462.0,97,2,0,0.8563
76,184.5,40,1,0,0.8546
77,407.0,81,2,0,0.8529
78,449.0,85,2,0,0.8511
79,365.5,75,2,0,0.8494
80,462.0,97,2,0,0.8477
81,423.0,82,2,0,0.8461
82,423.5,93,2,0,0.8444
83,222.0,53,1,0,0.8427
84,201.5,52,1,0,0.8410
85,361.0,107,2,0,0.8393
86,404.0,84,2,0,0.8376
87,458.5,96,2,0,0.8359
88,429.0,81,2,0,0.8343
89,445.5,96,2,0,0.8326
90,474.0,103,2,0,0.8309
91,464.0,88,2,0,0.8293
92,429.5,80,2,0,0.8276
93,427.0,82,2,0,0.8260
94,384.0,72,2,0,0.8243
95,384.0,72,2,0,0.8227
96,474.0,90,2,0,0.8210
97,403.0,78,2,0,0.8194
98,407.0,86,2,0,0.8177
99,445.0,92,2,0,0.8161
100,220.5,53,1,0,0.8145
101,434.0,87,2,0,0.8128
102,419.5,78,2,0,0.8112
103,435.5,92,2,0,0.8096
104,474.0,90,2,0,0.8080
105,446.5,90,2,0,0.8064
106,199.5,43,1,0,0.8047
107,499.5,94,2,0,0.8031
108,446.0,91,2,0,0.8015
109,199.5,43,1,0,0.7999
110,454.0,86,2,0,0.7983
111,438.0,85,2,0,0.7967
112,410.0,75,2,0,0.7951
113,473.0,92,2,0,0.7935
114,179.0,40,1,0,0.7920
115,131.0,37,1,0,0.7904
116,187.0,46,1,0,0.7888
117,424.0,80,2,0,0.7872
118,435.5,87,2,0,0.7856
119,189.0,42,1,0,0.7841
120,444.5,93,2,0,0.7825
121,433.5,83,2,0,0.7809
122,189.5,41,1,0,0.7794
123,447.5,85,2,0,0.7778
124,448.5,86,2,0,0.7763
125,430.0,87,2,0,0.7747
126,458.0,99,2,0,0.7732
127,411.5,99,2,0,0.7716
128,223.5,64,1,0,0.7701
129,412.0,96,2,0,0.7685
130,407.5,84,2,0,0.7670
131,391.0,103,2,0,0.7655
132,469.5,88,2,0,0.7639
133,182.0,45,1,0,0.7624
134,414.0,86,2,0,0.7609
135,464.0,88,2,0,0.7594
136,394.5,81,2,0,0.7578
137,483.0,94,2,0,0.7563
138,449.5,84,2,0,0.7548
139,409.0,77,2,0,0.7533
140,254.0,55,1,0,0.7518
141,439.0,83,2,0,0.7503
142,219.5,58,1,0,0.7488
143,169.0,38,1,0,0.7473
144,179.5,39,1,0,0.7458
145,381.5,74,2,0,0.7443
146,174.5,48,1,0,0.7428
147,434.5,81,2,0,0.7413
148,440.0,81,2,0,0.7398
149,408.0,79,2,0,0.7384
150,438.5,89,2,0,0.7369
151,424.5,89,2,0,0.7354
152,419.0,79,2,0,0.7339
153,419.5,104,2,0,0.7325
154,450.0,88,2,0,0.7310
155,454.0,91,2,0,0.7296
156,379.5,75,2,0,0.7281
157,330.0,74,2,0,0.7266
158,394.0,74,2,0,0.7252
159,435.5,90,2,0,0.7237
160,459.0,87,2,0,0.7223
161,439.0,83,2,0,0.7208
162,422.0,81,2,0,0.7194
163,429.0,89,2,0,0.7180
164,466.5,91,2,0,0.7165
165,439.0,83,2,0,0.7151
166,444.5,83,2,0,0.7137
167,400.0,73,2,0,0.7122
168,439.5,82,2,0,0.7108
169,427.5,81,2,0,0.7094
170,441.5,86,2,0,0.7080
171,409.5,84,2,0,0.7066
172,429.5,80,2,0,0.7051
173,446.5,90,2,0,0.7037
174,579.5,110,2,0,0.7023
175,424.5,79,2,0,0.7009
176,429.5,80,2,0,0.6995
177,434.5,81,2,0,0.6981
178,428.0,83,2,0,0.6967
179,194.5,47,1,0,0.6953
180,389.0,73,2,0,0.6939
181,207.5,57,1,0,0.6925
182,479.5,90,2,0,0.6912
183,144.5,32,1,0,0.6898
184,445.0,82,2,0,0.6884
185,204.5,44,1,0,0.6870
186,418.0,81,2,0,0.6857
187,412.0,82,2,0,0.6843
188,438.5,84,2,0,0.6829
189,384.5,71,2,0,0.6815
190,423.5,81,2,0,0.6802
191,399.5,74,2,0,0.6788
192,424.0,80,2,0,0.6775
193,464.0,88,2,0,0.6761
194,419.0,79,2,0,0.6748
195,431.0,85,2,0,0.6734
196,429.5,80,2,0,0.6721
197,391.5,76,2,0,0.6707
198,418.0,81,2,0,0.6694
199,469.0,89,2,0,0.6680
200,436.5,85,2,0,0.6667
201,433.0,89,2,0,0.6654
202,415.0,95,2,0,0.6640
203,426.0,84,2,0,0.6627
204,447.0,91,2,0,0.6614
205,448.5,86,2,0,0.6601
206,383.5,97,2,0,0.6587
207,429.5,95,2,0,0.6574
208,399.5,79,2,0,0.6561
209,449.5,84,2,0,0.6548
210,509.5,96,2,0,0.6535
211,468.5,90,2,0,0.6522
212,196.5,54,1,0,0.6509
213,422.5,105,2,0,0.6496
214,444.5,83,2,0,0.6483
215,262.0,61,1,0,0.6470
216,420.0,77,2,0,0.6457
217,419.5,78,2,0,0.6444
218,129.5,29,1,0,0.6431
219,436.0,103,2,0,0.6418
220,435.0,118,2,0,0.6405
221,423.0,82,2,0,0.6393
222,419.0,79,2,0,0.6380
223,410.0,75,2,0,0.6367
224,449.0,85,2,0,0.6354
225,429.0,81,2,0,0.6342
226,434.5,81,2,0,0.6329
227,415.0,76,2,0,0.6316
228,430.0,79,2,0,0.6304
229,459.5,86,2,0,0.6291
230,425.0,78,2,0,0.6278
231,430.0,79,2,0,0.6266
232,439.5,82,2,0,0.6253
233,409.5,76,2,0,0.6241
234,384.5,71,2,0,0.6228
235,414.5,77,2,0,0.6216
236,406.5,79,2,0,0.6203
237,399.5,74,2,0,0.6191
238,404.0,76,2,0,0.6179
239,395.0,85,2,0,0.6166
240,447.5,97,2,0,0.6154
241,409.5,76,2,0,0.6142
242,408.5,78,2,0,0.6129
243,520.0,97,2,0,0.6117
244,420.0,77,2,0,0.6105
245,426.5,83,2,0,0.6093
246,458.5,88,2,0,0.6080
247,405.5,95,2,0,0.6068
248,390.0,71,2,0,0.6056
249,452.0,90,2,0,0.6044
250,449.0,85,2,0,0.6032
251,414.0,78,2,0,0.6020
252,434.5,81,2,0,0.6008
253,458.5,88,2,0,0.5996
254,430.0,79,2,0,0.5984
255,414.5,82,2,0,0.5972
256,184.0,41,1,0,0.5960
257,134.0,31,1,0,0.5948
258,160.0,34,1,0,0.5936
259,134.0,31,1,0,0.5924
260,126.5,32,1,0,0.5912
261,172.0,40,1,0,0.5901
262,488.0,95,2,0,0.5889
263,469.0,89,2,0,0.5877
264,428.5,82,2,0,0.5865
265,422.5,104,2,0,0.5854
266,402.0,80,2,0,0.5842
267,437.0,84,2,0,0.5830
268,506.5,150,2,0,0.5818
269,387.5,83,2,0,0.5807
270,531.5,104,2,0,0.5795
271,450.0,93,2,0,0.5784
272,392.0,75,2,0,0.5772
273,383.5,160,2,0,0.5761
274,408.5,107,2,0,0.5749
275,399.0,75,2,0,0.5737
276,419.0,79,2,0,0.5726
277,430.0,90,2,0,0.5715
278,437.5,86,2,0,0.5703
279,449.0,90,2,0,0.5692
280,427.0,82,2,0,0.5680
281,459.5,86,2,0,0.5669
282,429.5,80,2,0,0.5658
283,429.0,81,2,0,0.5646
284,424.0,80,2,0,0.5635
285,439.5,82,2,0,0.5624
286,449.0,85,2,0,0.5613
287,429.0,81,2,0,0.5601
288,434.0,82,2,0,0.5590
289,414.5,77,2,0,0.5579
290,464.0,88,2,0,0.5568
291,429.5,80,2,0,0.5557
292,449.0,85,2,0,0.5546
293,354.0,66,2,0,0.5534
294,454.0,86,2,0,0.5523
295,457.0,88,2,0,0.5512
296,414.0,78,2,0,0.5501
297,424.0,80,2,0,0.5490
298,419.0,79,2,0,0.5479
299,449.0,85,2,0,0.5468
300,437.0,84,2,0,0.5457
301,489.0,93,2,0,0.5446
302,429.5,80,2,0,0.5436
303,446.5,106,2,0,0.5425
304,440.0,97,2,0,0.5414
305,387.0,123,2,0,0.5403
306,492.5,108,2,0,0.5392
307,477.5,94,2,0,0.5381
308,439.0,83,2,0,0.5371
309,561.5,128,3,0,0.5360
310,509.0,97,2,0,0.5349
311,492.0,98,2,0,0.5339
312,429.0,81,2,0,0.5328
313,429.0,81,2,0,0.5317
314,474.5,89,2,0,0.5307
315,434.0,82,2,0,0.5296
316,424.5,79,2,0,0.5285
317,419.5,78,2,0,0.5275
318,424.0,80,2,0,0.5264
319,414.0,78,2,0,0.5254
320,466.5,94,2,0,0.5243
321,404.0,76,2,0,0.5233
322,449.5,84,2,0,0.5222
323,446.0,88,2,0,0.5212
324,444.0,84,2,0,0.5201
325,463.5,89,2,0,0.5191
326,436.5,85,2,0,0.5181
327,489.0,93,2,0,0.5170
328,434.5,81,2,0,0.5160
329,459.0,87,2,0,0.5150
330,422.5,83,2,0,0.5139
331,439.5,82,2,0,0.5129
332,479.0,91,2,0,0.5119
333,599.5,116,3,0,0.5108
334,360.0,147,2,0,0.5098
335,479.0,91,2,0,0.5088
336,454.0,86,2,0,0.5078
337,494.0,94,2,0,0.5068
338,444.0,84,2,0,0.5058
339,442.0,88,2,0,0.5048
340,414.0,78,2,0,0.5037
341,487.0,97,2,0,0.5027
342,429.0,81,2,0,0.5017
343,450.0,83,2,0,0.5007
344,469.0,89,2,0,0.4997
345,449.5,84,2,0,0.4987
346,487.0,97,2,0,0.4977
347,434.5,81,2,0,0.4967
348,474.0,90,2,0,0.4957
349,447.0,89,2,0,0.4947
350,429.0,81,2,0,0.4938
351,440.0,92,2,0,0.4928
352,476.5,96,2,0,0.4918
353,464.0,129,2,0,0.4908
354,443.5,85,2,0,0.4898
355,442.0,85,2,0,0.4888
356,444.5,83,2,0,0.4879
357,532.5,124,2,0,0.4869
358,549.0,105,2,0,0.4859
359,439.5,82,2,0,0.4849
360,474.0,90,2,0,0.4840
361,479.5,90,2,0,0.4830
362,479.5,90,2,0,0.4820
363,457.5,90,2,0,0.4811
364,874.0,152,4,0,0.4801
365,464.5,87,2,0,0.4791
366,469.5,88,2,0,0.4782
367,485.5,122,2,0,0.4772
368,432.5,85,2,0,0.4763
369,439.0,83,2,0,0.4753
370,444.0,84,2,0,0.4744
371,469.0,89,2,0,0.4734
372,504.0,96,2,0,0.4725
373,484.5,91,2,0,0.4715
374,466.0,95,2,0,0.4706
375,437.5,97,2,0,0.4697
376,436.5,88,2,0,0.4687
377,422.0,81,2,0,0.4678
378,479.0,91,2,0,0.4668
379,474.0,90,2,0,0.4659
380,454.0,86,2,0,0.4650
381,439.5,82,2,0,0.4640
382,434.0,82,2,0,0.4631
383,459.0,87,2,0,0.4622
384,481.5,108,2,0,0.4613
385,429.0,81,2,0,0.4603
386,459.0,87,2,0,0.4594
387,469.0,89,2,0,0.4585
388,464.0,88,2,0,0.4576
389,442.5,87,2,0,0.4567
390,443.5,85,2,0,0.4558
391,425.0,88,2,0,0.4548
392,429.0,81,2,0,0.4539
393,204.0,45,1,0,0.4530
394,398.5,87,2,0,0.4521
395,487.5,137,2,0,0.4512
396,409.0,77,2,0,0.4503
397,387.5,92,2,0,0.4494
398,419.0,79,2,0,0.4485
399,409.5,76,2,0,0.4476
400,419.0,79,2,0,0.4467
401,554.5,105,2,0,0.4458
402,434.5,86,2,0,0.4449
403,438.5,103,2,0,0.4440
404,439.0,83,2,0,0.4432
405,459.0,87,2,0,0.4423
406,439.0,83,2,0,0.4414
407,429.5,85,2,0,0.4405
408,431.5,84,2,0,0.4396
409,388.0,103,2,0,0.4387
410,443.5,85,2,0,0.4379
411,454.0,86,2,0,0.4370
412,430.0,79,2,0,0.4361
413,420.0,77,2,0,0.4352
414,434.5,81,2,0,0.4344
415,459.5,86,2,0,0.4335
416,590.0,102,3,0,0.4326
417,485.0,90,2,0,0.4318
418,487.5,93,2,0,0.4309
419,214.5,46,1,0,0.4301
420,429.0,81,2,0,0.4292
421,424.5,79,2,0,0.4283
422,565.0,106,2,0,0.4275
423,444.5,83,2,0,0.4266
424,449.5,84,2,0,0.4258
425,594.5,113,2,0,0.4249
426,865.0,148,4,0,0.4241
427,415.0,76,2,0,0.4232
428,444.0,84,2,0,0.4224
429,407.0,81,2,0,0.4215
430,471.5,161,2,0,0.4207
431,470.5,94,2,0,0.4198
432,436.0,112,2,0,0.4190
433,441.0,104,2,0,0.4182
434,537.5,97,3,0,0.4173
435,565.0,105,3,0,0.4165
436,459.5,86,2,0,0.4157
437,554.0,97,3,0,0.4148
438,574.0,101,3,0,0.4140
439,464.5,87,2,0,0.4132
440,494.0,94,2,0,0.4123
441,445.0,93,2,0,0.4115
442,471.5,95,2,0,0.4107
443,531.5,95,3,0,0.4099
444,446.5,116,2,0,0.4091
445,480.0,124,2,0,0.4082
446,474.0,90,2,0,0.4074
447,462.0,101,2,0,0.4066
448,451.5,121,2,0,0.4058
449,556.0,101,3,0,0.4050
450,462.0,89,2,0,0.4042
451,444.0,84,2,0,0.4034
452,549.0,96,3,0,0.4026
453,449.0,85,2,0,0.4018
454,519.0,99,2,0,0.4009
455,699.5,134,2,0,0.4001
456,439.5,82,2,0,0.3993
457,494.0,94,2,0,0.3985
458,438.0,85,2,0,0.3978
459,442.5,87,2,0,0.3970
460,564.0,99,3,0,0.3962
461,1093.0,189,5,0,0.3954
462,565.0,97,3,0,0.3946
463,494.0,94,2,0,0.3938
464,392.5,77,2,0,0.3930
465,404.0,76,2,0,0.3922
466,464.0,88,2,0,0.3914
467,574.0,101,3,0,0.3906
468,539.0,94,3,0,0.3899
469,431.5,84,2,0,0.3891
470,434.0,82,2,0,0.3883
471,449.0,85,2,0,0.3875
472,689.0,124,3,0,0.3868
473,551.5,156,3,0,0.3860
474,579.5,123,3,0,0.3852
475,459.0,87,2,0,0.3844
476,464.5,87,2,0,0.3837
477,463.5,89,2,0,0.3829
478,481.5,99,2,0,0.3821
479,474.5,89,2,0,0.3814
480,469.0,89,2,0,0.3806
481,484.0,92,2,0,0.3799
482,546.5,107,2,0,0.3791
483,399.0,75,2,0,0.3783
484,463.5,96,2,0,0.3776
485,423.5,114,2,0,0.3768
486,545.0,93,3,0,0.3761
487,425.0,78,2,0,0.3753
488,449.5,84,2,0,0.3746
489,494.5,93,2,0,0.3738
490,470.0,87,2,0,0.3731
491,499.0,95,2,0,0.3723
492,435.0,80,2,0,0.3716
493,450.0,83,2,0,0.3708
494,440.0,81,2,0,0.3701
495,465.0,86,2,0,0.3694
496,464.0,88,2,0,0.3686
497,470.0,87,2,0,0.3679
498,509.0,88,3,0,0.3671
499,429.5,80,2,0,0.3664
500,449.5,84,2,0,0.3657
501,439.5,82,2,0,0.3649
502,409.5,76,2,0,0.3642
503,553.5,98,3,0,0.3635
504,439.0,83,2,0,0.3628
505,454.5,85,2,0,0.3620
506,880.0,151,4,0,0.3613
507,464.0,88,2,0,0.3606
508,434.5,81,2,0,0.3599
509,404.5,75,2,0,0.3591
510,454.0,86,2,0,0.3584
511,468.5,90,2,0,0.3577
512,429.5,80,2,0,0.3570
513,405.0,74,2,0,0.3563
514,419.5,78,2,0,0.3556
515,369.5,68,2,0,0.3549
516,425.0,78,2,0,0.3541
517,489.5,92,2,0,0.3534
518,430.0,79,2,0,0.3527
519,412.0,79,2,0,0.3520
520,429.5,80,2,0,0.3513
521,590.0,102,3,0,0.3506
522,524.5,90,3,0,0.3499
523,464.5,87,2,0,0.3492
524,404.5,75,2,0,0.3485
525,470.0,87,2,0,0.3478
526,429.5,80,2,0,0.3471
527,480.0,89,2,0,0.3464
528,454.5,85,2,0,0.3457
529,480.0,89,2,0,0.3450
530,404.0,76,2,0,0.3444
531,450.0,83,2,0,0.3437
532,454.5,85,2,0,0.3430
533,475.0,88,2,0,0.3423
534,470.0,87,2,0,0.3416
535,559.5,97,3,0,0.3409
536,460.0,85,2,0,0.3402
537,445.0,82,2,0,0.3396
538,445.0,82,2,0,0.3389
539,485.0,90,2,0,0.3382
540,570.0,98,3,0,0.3375
541,580.0,100,3,0,0.3369
542,520.0,88,3,0,0.3362
543,550.0,94,3,0,0.3355
544,544.5,94,3,0,0.3348
545,469.5,88,2,0,0.3342
546,470.0,87,2,0,0.3335
547,529.0,92,3,0,0.3328
548,579.0,102,3,0,0.3322
549,603.5,108,3,0,0.3315
550,198.0,46,1,0,0.3308
551,1034.5,174,5,0,0.3302
552,429.5,80,2,0,0.3295
553,463.0,90,2,0,0.3289
554,459.0,87,2,0,0.3282
555,473.5,91,2,0,0.3275
556,429.0,81,2,0,0.3269
557,492.5,97,2,0,0.3262
558,494.0,94,2,0,0.3256
559,879.0,153,4,0,0.3249
560,564.5,122,3,0,0.3243
561,544.5,94,3,0,0.3236
562,479.0,91,2,0,0.3230
563,552.0,127,3,0,0.3223
564,549.0,96,3,0,0.3217
565,860.0,147,4,0,0.3211
566,470.0,87,2,0,0.3204
567,549.0,96,3,0,0.3198
568,585.0,101,3,0,0.3191
569,484.5,91,2,0,0.3185
570,475.0,88,2,0,0.3179
571,534.0,93,3,0,0.3172
572,545.0,93,3,0,0.3166
573,159.5,35,1,0,0.3160
574,419.0,79,2,0,0.3153
575,483.5,93,2,0,0.3147
576,1139.5,195,5,0,0.3141
577,705.0,125,3,0,0.3134
578,584.5,102,3,0,0.3128
579,1090.0,184,5,0,0.3122
580,1094.5,186,5,0,0.3116
581,1084.5,184,5,0,0.3109
582,558.5,99,3,0,0.3103
583,420.0,77,2,0,0.3097
584,1075.0,181,5,0,0.3091
585,879.5,152,4,0,0.3085
586,545.0,93,3,0,0.3078
587,540.0,92,3,0,0.3072
588,912.5,160,4,0,0.3066
589,910.0,157,4,0,0.3060
590,459.5,86,2,0,0.3054
591,435.0,80,2,0,0.3048
592,1060.0,178,5,0,0.3042
593,1095.0,185,5,0,0.3036
594,1055.0,177,5,0,0.3029
595,454.5,85,2,0,0.3023
596,450.0,83,2,0,0.3017
597,415.0,76,2,0,0.3011
598,384.5,71,2,0,0.3005
599,444.5,83,2,0,0.2999
600,460.0,85,2,0,0.2993
601,177.0,41,1,0,0.2987
602,444.5,83,2,0,0.2981
603,465.0,86,2,0,0.2975
604,165.0,35,1,0,0.2969
605,425.0,78,2,0,0.2963
606,393.5,75,2,0,0.2958
607,610.0,115,2,0,0.2952
608,884.5,153,4,0,0.2946
609,469.5,88,2,0,0.2940
610,450.0,83,2,0,0.2934
611,438.0,85,2,0,0.2928
612,465.0,86,2,0,0.2922
613,445.0,82,2,0,0.2916
614,425.0,78,2,0,0.2911
615,879.5,152,4,0,0.2905
616,1088.0,188,5,0,0.2899
617,424.5,79,2,0,0.2893
618,432.0,83,2,0,0.2887
619,465.0,86,2,0,0.2882
620,465.0,86,2,0,0.2876
621,450.0,83,2,0,0.2870
622,378.5,72,2,0,0.2864
623,595.0,103,3,0,0.2859
624,529.5,91,3,0,0.2853
625,435.0,80,2,0,0.2847
626,1045.0,175,5,0,0.2841
627,1124.5,192,5,0,0.2836
628,210.0,44,1,0,0.2830
629,464.0,88,2,0,0.2824
630,425.0,78,2,0,0.2819
631,474.0,90,2,0,0.2813
632,522.5,109,3,0,0.2808
633,395.0,96,2,0,0.2802
634,1189.0,224,5,0,0.2796
635,878.5,175,4,0,0.2791
636,991.0,188,4,0,0.2785
637,454.5,109,2,0,0.2780
638,439.0,83,2,0,0.2774
639,438.0,85,2,0,0.2768
640,463.5,89,2,0,0.2763
641,399.0,75,2,0,0.2757
642,479.5,90,2,0,0.2752
643,494.0,94,2,0,0.2746
644,917.5,164,4,0,0.2741
645,165.0,35,1,0,0.2735
646,455.0,84,2,0,0.2730
647,1265.0,219,5,0,0.2724
648,1099.5,187,5,0,0.2719
649,1060.0,187,4,0,0.2714
650,444.0,84,2,0,0.2708
651,620.0,108,3,0,0.2703
652,449.5,84,2,0,0.2697
653,449.0,85,2,0,0.2692
654,1089.0,186,5,0,0.2687
655,1059.5,179,5,0,0.2681
656,1058.0,182,5,0,0.2676
657,579.0,102,3,0,0.2670
658,474.5,89,2,0,0.2665
659,989.0,175,4,0,0.2660
660,429.0,81,2,0,0.2654
661,434.0,82,2,0,0.2649
662,449.0,85,2,0,0.2644
663,879.5,152,4,0,0.2639
664,682.5,126,3,0,0.2633
665,478.0,93,2,0,0.2628
666,579.0,102,3,0,0.2623
667,458.0,89,2,0,0.2618
668,1068.5,183,5,0,0.2612
669,469.0,89,2,0,0.2607
670,469.0,89,2,0,0.2602
671,844.0,146,4,0,0.2597
672,486.5,95,2,0,0.2591
673,426.5,83,2,0,0.2586
674,886.5,178,4,0,0.2581
675,375.0,90,2,0,0.2576
676,526.0,109,3,0,0.2571
677,425.0,78,2,0,0.2566
678,604.0,116,2,0,0.2561
679,585.0,110,2,0,0.2555
680,1085.0,183,5,0,0.2550
681,874.0,152,4,0,0.2545
682,889.5,154,4,0,0.2540
683,909.5,158,4,0,0.2535
684,449.0,85,2,0,0.2530
685,580.0,100,3,0,0.2525
686,450.0,83,2,0,0.2520
687,1065.0,179,5,0,0.2515
688,600.0,104,3,0,0.2510
689,1110.0,188,5,0,0.2505
690,1179.5,203,5,0,0.2500
691,1329.0,234,5,0,0.2495
692,1114.0,191,5,0,0.2490
693,459.5,86,2,0,0.2485
694,444.5,83,2,0,0.2480
695,234.0,51,1,0,0.2475
696,399.0,75,2,0,0.2470
697,454.0,86,2,0,0.2465
698,454.0,86,2,0,0.2460
699,399.5,74,2,0,0.2455
700,409.0,77,2,0,0.2450
701,479.0,91,2,0,0.2445
702,579.0,102,3,0,0.2440
703,449.0,85,2,0,0.2436
704,649.0,125,2,0,0.2431
705,769.0,140,3,0,0.2426
706,574.5,127,3,0,0.2421
707,568.0,212,3,0,0.2416
708,158.0,54,1,0,0.2411
709,141.5,49,1,0,0.2406
710,479.0,91,2,0,0.2402
711,640.0,120,3,0,0.2397
712,1064.5,180,5,0,0.2392
713,939.0,165,4,0,0.2387
714,499.0,95,2,0,0.2382
715,579.5,101,3,0,0.2378
716,460.5,92,2,0,0.2373
717,879.5,152,4,0,0.2368
718,524.0,100,2,0,0.2363
719,1134.0,195,5,0,0.2359
720,474.0,90,2,0,0.2354
721,949.5,166,4,0,0.2349
722,879.0,153,4,0,0.2345
723,109.0,26,1,0,0.2340
724,459.0,87,2,0,0.2335
725,459.0,87,2,0,0.2331
726,589.0,113,2,0,0.2326
727,1084.0,185,5,0,0.2321
728,601.5,109,3,0,0.2317
729,449.0,85,2,0,0.2312
730,489.5,92,2,0,0.2307
731,464.0,88,2,0,0.2303
732,549.0,105,2,0,0.2298
733,414.0,78,2,0,0.2294
734,449.5,84,2,0,0.2289
735,597.0,116,2,0,0.2284
736,444.0,84,2,0,0.2280
737,454.0,86,2,0,0.2275
738,429.0,81,2,0,0.2271
739,524.5,90,3,0,0.2266
740,139.0,32,1,0,0.2262
741,441.0,87,2,0,0.2257
742,451.5,88,2,0,0.2253
743,419.0,79,2,0,0.2248
744,504.0,96,2,0,0.2244
745,414.0,78,2,0,0.2239
746,548.0,98,3,0,0.2235
747,583.5,104,3,0,0.2230
748,1109.0,190,5,0,0.2226
749,434.0,82,2,0,0.2221
750,939.0,165,4,0,0.2217
751,954.5,167,4,0,0.2212
752,484.0,92,2,0,0.2208
753,511.5,191,3,0,0.2204
754,454.0,86,2,0,0.2199
755,3524.0,583,5,1,0.2195
756,909.0,159,4,1,0.2190
757,914.0,160,4,1,0.2186
758,1065.0,187,5,1,0.2182
759,1059.0,180,5,1,0.2177
760,1096.5,190,5,1,0.2173
761,1094.0,187,5,1,0.2169
762,1084.0,185,5,1,0.2164
763,464.5,87,2,1,0.2160
764,1139.0,196,5,1,0.2156
765,449.0,85,2,1,0.2151
766,464.0,88,2,1,0.2147
767,444.0,84,2,1,0.2143
768,1104.0,189,5,1,0.2138
769,548.0,98,3,1,0.2134
770,479.0,91,2,1,0.2130
771,489.5,92,2,1,0.2126
772,1124.0,193,5,1,0.2121
773,1109.5,189,5,1,0.2117
774,579.0,111,2,1,0.2113
775,1109.0,190,5,1,0.2109
776,569.5,99,3,1,0.2104
777,474.0,90,2,1,0.2100
778,244.0,53,1,1,0.2096
779,1094.0,187,5,1,0.2092
780,894.0,156,4,1,0.2088
781,2984.0,502,2,2,0.2083
782,454.0,86,2,2,0.2079
783,494.0,94,2,2,0.2075
784,411.5,80,2,2,0.2071
785,424.5,79,2,2,0.2067
786,639.0,114,3,2,0.2063
787,1125.0,191,5,2,0.2059
788,940.0,163,4,2,0.2054
789,884.5,153,4,2,0.2050
790,510.0,95,2,2,0.2046
791,429.0,81,2,2,0.2042
792,469.0,89,2,2,0.2038
793,1140.0,194,5,2,0.2034
794,415.0,76,2,2,0.2030
795,485.0,90,2,2,0.2026
796,1119.5,191,5,2,0.2022
797,499.5,94,2,2,0.2018
798,825.0,262,4,2,0.2014
799,1158.5,201,5,2,0.2010
800,1094.0,187,5,2,0.2006
801,498.5,96,2,2,0.2002
802,958.0,171,4,2,0.1998
803,464.0,88,2,2,0.1994
804,1109.5,189,5,2,0.1990
805,1094.5,186,5,2,0.1986
806,1124.5,192,5,2,0.1982
807,449.0,85,2,2,0.1978
808,479.0,91,2,2,0.1974
809,464.5,87,2,2,0.1970
810,449.0,85,2,2,0.1966
811,394.0,74,2,2,0.1962
812,384.0,72,2,2,0.1958
813,451.5,88,2,2,0.1954
814,954.0,168,4,2,0.1950
815,894.0,156,4,2,0.1946
816,139.0,32,1,2,0.1942
817,879.0,153,4,2,0.1939
818,959.0,169,4,2,0.1935
819,1083.0,187,5,2,0.1931
820,3254.0,538,4,3,0.1927
821,434.0,82,2,3,0.1923
822,489.0,93,2,3,0.1919
823,464.0,88,2,3,0.1915
824,1104.0,189,5,3,0.1912
825,1104.5,188,5,3,0.1908
826,1123.5,194,5,3,0.1904
827,884.0,154,4,3,0.1900
828,909.0,159,4,3,0.1896
829,1104.0,189,5,3,0.1893
830,1119.5,191,5,3,0.1889
831,574.0,101,3,3,0.1885
832,934.0,164,4,3,0.1881
833,959.0,169,4,3,0.1877
834,894.5,155,4,3,0.1874
835,1099.0,188,5,3,0.1870
836,464.0,88,2,3,0.1866
837,494.0,94,2,3,0.1862
838,584.0,103,3,3,0.1859
839,444.0,84,2,3,0.1855
840,384.0,72,2,3,0.1851
841,3429.0,564,5,4,0.1848
842,1094.0,187,5,4,0.1844
843,1419.0,243,6,4,0.1840
844,1159.0,200,5,4,0.1837
845,1048.0,189,4,4,0.1833
846,3339.5,554,4,5,0.1829
847,889.0,155,4,5,0.1826
848,1124.0,193,5,5,0.1822
849,1079.0,184,5,5,0.1818
850,539.0,94,3,5,0.1815
851,449.0,85,2,5,0.1811
852,449.0,85,2,5,0.1807
853,567.5,112,2,5,0.1804
854,1149.0,198,5,5,0.1800
855,1109.0,190,5,5,0.1797
856,1104.0,189,5,5,0.1793
857,869.5,150,4,5,0.1789
858,879.0,153,4,5,0.1786
859,461.5,90,2,5,0.1782
860,911.0,163,4,5,0.1779
861,99.0,59,1,5,0.1775
862,987.0,190,4,5,0.1772
863,1209.0,210,5,5,0.1768
864,1069.0,182,5,5,0.1764
865,494.0,94,2,5,0.1761
866,419.0,79,2,5,0.1757
867,934.0,164,4,5,0.1754
868,489.5,92,2,5,0.1750
869,1129.0,194,5,5,0.1747
870,454.0,86,2,5,0.1743
871,1119.5,191,5,5,0.1740
872,464.0,88,2,5,0.1736
873,284.0,61,1,5,0.1733
874,469.0,89,2,5,0.1729
875,919.0,161,4,5,0.1726
876,389.5,72,2,5,0.1723
877,579.0,111,2,5,0.1719
878,859.0,149,4,5,0.1716
879,425.0,171,2,5,0.1712
880,429.0,100,2,5,0.1709
881,487.5,98,2,5,0.1705
882,1182.0,237,5,5,0.1702
883,1234.5,214,5,5,0.1699
884,1324.0,224,6,5,0.1695
885,429.0,81,2,5,0.1692
886,369.0,69,2,5,0.1688
887,344.5,63,2,5,0.1685
888,1119.0,192,5,5,0.1682
889,869.0,151,4,5,0.1678
890,923.0,164,4,5,0.1675
891,1134.0,195,5,5,0.1672
892,1354.0,230,6,5,0.1668
893,903.0,160,4,5,0.1665
894,913.5,161,4,5,0.1662
895,919.0,161,4,5,0.1658
896,409.0,77,2,5,0.1655
897,489.0,93,2,5,0.1652
898,484.5,91,2,5,0.1648
899,359.0,67,2,5,0.1645
900,394.0,74,2,5,0.1642
901,1217.5,215,5,5,0.1638
902,1144.0,197,5,5,0.1635
903,1424.0,244,6,5,0.1632
904,949.0,167,4,5,0.1629
905,469.0,89,2,5,0.1625
906,419.0,79,2,5,0.1622
907,424.0,80,2,5,0.1619
908,1129.0,194,5,5,0.1616
909,918.5,162,4,5,0.1612
910,634.0,122,2,5,0.1609
911,1084.0,185,5,5,0.1606
912,1149.0,198,5,5,0.1603
913,1446.5,260,5,5,0.1600
914,939.0,165,4,5,0.1596
915,1159.0,200,5,5,0.1593
916,1121.5,195,5,5,0.1590
917,579.0,102,3,5,0.1587
918,179.0,40,1,5,0.1584
919,1113.5,192,5,5,0.1580
920,1134.0,195,5,5,0.1577
921,1129.5,193,5,5,0.1574
922,1114.5,195,5,5,0.1571
923,1124.0,193,5,5,0.1568
924,1134.0,195,5,5,0.1565
925,429.0,81,2,5,0.1562
926,494.0,94,2,5,0.1558
927,554.0,106,2,5,0.1555
928,1114.0,191,5,5,0.1552
929,1134.0,195,5,5,0.1549
930,1139.0,196,5,5,0.1546
931,1129.0,194,5,5,0.1543
932,1109.0,190,5,5,0.1540
933,154.0,35,1,5,0.1537
934,1174.0,203,5,5,0.1534
935,1079.0,193,4,5,0.1531
936,1343.0,230,6,5,0.1528
937,914.0,160,4,5,0.1525
938,544.5,103,2,5,0.1521
939,1349.0,229,6,5,0.1518
940,1384.0,236,6,5,0.1515
941,1239.0,216,5,5,0.1512
942,1109.0,190,5,5,0.1509
943,1099.0,188,5,5,0.1506
944,4456.5,736,9,6,0.1503
945,858.0,151,4,6,0.1500
946,889.0,155,4,6,0.1497
947,919.0,161,4,6,0.1494
948,934.0,164,4,6,0.1491
949,3609.5,599,5,7,0.1488
950,879.0,153,4,7,0.1485
951,494.0,94,2,7,0.1482
952,1324.0,224,6,7,0.1479
953,1323.5,225,6,7,0.1476
954,562.5,102,3,7,0.1474
955,444.0,84,2,7,0.1471
956,3403.0,570,4,8,0.1468
957,889.0,155,4,8,0.1465
958,3275.0,632,4,9,0.1462
959,894.0,156,4,9,0.1459
960,904.0,158,4,9,0.1456
961,1389.0,237,6,9,0.1453
962,399.0,75,2,9,0.1450
963,904.0,158,4,9,0.1447
964,419.0,79,2,9,0.1444
965,1308.5,222,6,9,0.1441
966,484.0,92,2,9,0.1439
967,1184.0,205,5,9,0.1436
968,1334.0,226,6,9,0.1433
969,884.0,154,4,9,0.1430
970,874.0,152,4,9,0.1427
971,1299.0,219,6,9,0.1424
972,488.0,95,2,9,0.1421
973,1343.0,230,6,9,0.1419
974,894.0,156,4,9,0.1416
975,529.0,101,2,9,0.1413
976,849.0,147,4,9,0.1410
977,374.5,69,2,9,0.1407
978,1168.0,204,5,9,0.1404
979,916.5,166,4,9,0.1402
980,913.0,162,4,9,0.1399
981,914.0,160,4,9,0.1396
982,231.5,53,1,9,0.1393
983,509.0,97,2,9,0.1390
984,469.0,89,2,9,0.1388
985,414.0,78,2,9,0.1385
986,1109.0,190,5,9,0.1382
987,1094.0,187,5,9,0.1379
988,1114.0,191,5,9,0.1377
989,1094.0,187,5,9,0.1374
990,1134.0,195,5,9,0.1371
991,1104.0,189,5,9,0.1368
992,914.0,160,4,9,0.1366
993,429.0,81,2,9,0.1363
994,1399.0,239,6,9,0.1360
995,1139.0,196,5,9,0.1357
996,1284.0,225,5,9,0.1355
997,1134.0,195,5,9,0.1352
998,1109.0,190,5,9,0.1349
999,874.0,152,4,9,0.1347
1000,429.0,81,2,9,0.1344
1001,1329.0,225,6,9,0.1341
1002,579.0,102,3,9,0.1339
1003,1089.0,186,5,9,0.1336
1004,1329.0,225,6,9,0.1333
1005,1304.5,219,6,9,0.1331
1006,469.0,89,2,9,0.1328
1007,1374.0,234,6,9,0.1325
1008,3674.0,604,6,10,0.1323
1009,844.0,146,4,10,0.1320
1010,389.0,73,2,10,0.1317
1011,1369.0,233,6,10,0.1315
1012,1249.0,218,5,10,0.1312
1013,554.0,97,3,10,0.1309
1014,899.0,157,4,10,0.1307
1015,503.0,98,2,10,0.1304
1016,1019.0,181,4,10,0.1302
1017,454.0,86,2,10,0.1299
1018,604.0,116,2,10,0.1296
1019,909.0,159,4,10,0.1294
1020,1189.0,206,5,10,0.1291
1021,3609.0,600,5,11,0.1289
1022,1104.5,188,5,11,0.1286
1023,1319.0,223,6,11,0.1283
1024,1374.0,234,6,11,0.1281
1025,694.0,134,2,11,0.1278
1026,3844.0,638,6,12,0.1276
1027,1324.0,224,6,12,0.1273
1028,3473.0,575,5,13,0.1271
1029,3694.0,608,6,14,0.1268
1030,1124.0,193,5,14,0.1266
1031,3294.0,546,4,15,0.1263
1032,1334.0,226,6,15,0.1260
1033,3569.0,592,5,16,0.1258
1034,1319.0,223,6,16,0.1255
1035,1334.0,226,6,16,0.1253
1036,889.0,155,4,16,0.1250
1037,1359.0,231,6,16,0.1248
1038,899.0,157,4,16,0.1245
1039,549.0,105,2,16,0.1243
1040,399.0,75,2,16,0.1240
1041,464.0,88,2,16,0.1238
1042,559.0,98,3,16,0.1236
1043,469.0,89,2,16,0.1233
1044,474.0,90,2,16,0.1231
1045,478.0,93,2,16,0.1228
1046,459.0,87,2,16,0.1226
1047,521.5,93,3,16,0.1223
1048,484.0,92,2,16,0.1221
1049,3644.0,598,6,17,0.1218
1050,439.0,83,2,17,0.1216
1051,2879.0,481,2,18,0.1213
1052,409.5,76,2,18,0.1211
1053,3909.0,651,6,19,0.1209
1054,3854.0,640,6,20,0.1206
1055,839.0,145,4,20,0.1204
1056,869.0,151,4,20,0.1201
1057,449.5,84,2,20,0.1199
1058,459.0,87,2,20,0.1197
1059,394.0,74,2,20,0.1194
1060,389.0,73,2,20,0.1192
1061,1319.0,223,6,20,0.1189
1062,914.0,160,4,20,0.1187
1063,374.0,70,2,20,0.1185
1064,429.0,81,2,20,0.1182
1065,534.0,93,3,20,0.1180
1066,479.0,91,2,20,0.1178
1067,459.0,87,2,20,0.1175
1068,409.0,77,2,20,0.1173
1069,399.0,75,2,20,0.1171
1070,864.0,150,4,20,0.1168
1071,384.0,72,2,20,0.1166
1072,1324.0,224,6,20,0.1163
1073,474.0,90,2,20,0.1161
1074,1329.0,243,4,20,0.1159
1075,479.0,91,2,20,0.1157
1076,325.0,183,2,20,0.1154
1077,664.0,128,2,20,0.1152
1078,1288.5,218,6,20,0.1150
1079,1394.0,238,6,20,0.1147
1080,3684.0,606,6,21,0.1145
1081,1384.0,236,6,21,0.1143
1082,3434.0,565,5,22,0.1140
1083,1054.0,179,5,22,0.1138
1084,1199.0,208,5,22,0.1136
1085,844.0,146,4,22,0.1134
1086,469.0,89,2,22,0.1131
1087,434.0,82,2,22,0.1129
1088,1129.0,203,4,22,0.1127
1089,434.0,82,2,22,0.1125
1090,379.0,71,2,22,0.1122
1091,389.0,73,2,22,0.1120
1092,1254.0,219,5,22,0.1118
1093,629.0,112,3,22,0.1116
1094,564.0,99,3,22,0.1113
1095,1114.0,191,5,22,0.1111
1096,684.0,132,2,22,0.1109
1097,1104.0,189,5,22,0.1107
1098,1094.0,187,5,22,0.1104
1099,1084.0,185,5,22,0.1102
1100,1069.0,182,5,22,0.1100
1101,1064.0,181,5,22,0.1098
1102,1079.0,184,5,22,0.1096
1103,1299.0,219,6,22,0.1093
1104,1289.0,217,6,22,0.1091
1105,1284.0,216,6,22,0.1089
1106,3434.0,565,5,23,0.1087
1107,1074.0,183,5,23,0.1085
1108,1094.0,187,5,23,0.1083
1109,1119.0,192,5,23,0.1080
1110,1094.0,187,5,23,0.1078
1111,1064.0,181,5,23,0.1076
1112,1069.0,182,5,23,0.1074
1113,1179.0,204,5,23,0.1072
1114,1044.0,177,5,23,0.1070
1115,1049.0,178,5,23,0.1068
1116,1099.0,188,5,23,0.1065
1117,874.0,152,4,23,0.1063
1118,1144.0,197,5,23,0.1061
1119,1144.0,197,5,23,0.1059
1120,3509.0,580,5,24,0.1057
1121,1064.0,190,4,24,0.1055
1122,219.0,48,1,24,0.1053
1123,504.0,96,2,24,0.1051
1124,1044.0,177,5,24,0.1048
1125,463.5,89,2,24,0.1046
1126,419.0,79,2,24,0.1044
1127,984.0,174,4,24,0.1042
1128,459.0,87,2,24,0.1040
1129,481.5,94,2,24,0.1038
1130,414.0,78,2,24,0.1036
1131,6044.0,997,5,26,0.1034
1132,1069.0,182,5,26,0.1032
1133,1114.0,191,5,26,0.1030
1134,1084.0,185,5,26,0.1028
1135,1114.0,191,5,26,0.1026
1136,1099.0,188,5,26,0.1024
1137,1104.0,189,5,26,0.1022
1138,1099.0,188,5,26,0.1019
1139,1084.0,185,5,26,0.1017
1140,1124.0,193,5,26,0.1015
1141,1119.0,192,5,26,0.1013
1142,1094.0,187,5,26,0.1011
1143,1099.0,188,5,26,0.1009
1144,1134.0,195,5,26,0.1007
1145,1124.0,193,5,26,0.1005
1146,1114.0,191,5,26,0.1003
1147,1109.0,190,5,26,0.1001
1148,1184.0,205,5,26,0.0999
1149,1124.0,193,5,26,0.0997
1150,1214.0,211,5,26,0.0995
1151,939.0,165,4,26,0.0993
1152,924.0,162,4,26,0.0991
1153,1099.0,197,4,26,0.0989
1154,1049.0,178,5,26,0.0987
1155,1109.0,190,5,26,0.0985
1156,904.0,158,4,26,0.0983
1157,1129.0,194,5,26,0.0981
1158,1109.0,190,5,26,0.0979
1159,1124.0,193,5,26,0.0978
1160,1108.5,191,5,26,0.0976
1161,569.0,100,3,26,0.0974
1162,1204.0,209,5,26,0.0972
1163,1209.0,210,5,26,0.0970
1164,1099.0,188,5,26,0.0968
1165,1084.0,185,5,26,0.0966
1166,1114.0,191,5,26,0.0964
1167,1044.0,177,5,26,0.0962
1168,939.0,165,4,26,0.0960
1169,1129.0,194,5,26,0.0958
1170,924.0,162,4,26,0.0956
1171,444.0,84,2,26,0.0954
1172,424.0,80,2,26,0.0952
1173,363.0,70,2,26,0.0950
1174,434.0,82,2,26,0.0949
1175,409.0,77,2,26,0.0947
1176,269.0,58,1,26,0.0945
1177,1168.5,203,5,26,0.0943
1178,1259.0,229,4,26,0.0941
1179,1154.0,199,5,26,0.0939
1180,3534.0,585,5,27,0.0937
1181,374.0,70,2,27,0.0935
1182,1164.0,201,5,27,0.0934
1183,1114.0,191,5,27,0.0932
1184,1119.0,192,5,27,0.0930
1185,1103.0,191,5,27,0.0928
1186,464.0,88,2,27,0.0926
1187,939.0,165,4,27,0.0924
1188,3539.0,586,5,28,0.0922
1189,1364.0,241,5,28,0.0921
1190,2164.0,365,9,28,0.0919
1191,1321.5,226,6,28,0.0917
1192,6164.0,1012,6,30,0.0915
1193,924.0,162,4,30,0.0913
1194,409.0,77,2,30,0.0911
1195,114.0,27,1,30,0.0910
1196,484.0,92,2,30,0.0908
1197,3644.5,597,6,31,0.0906
1198,474.0,90,2,31,0.0904
1199,1204.0,209,5,31,0.0902
1200,1309.0,221,6,31,0.0900
1201,1129.0,194,5,31,0.0899
1202,1314.0,222,6,31,0.0897
1203,404.0,76,2,31,0.0895
1204,1129.0,203,4,31,0.0893
1205,489.5,92,2,31,0.0892
1206,429.0,81,2,31,0.0890
1207,179.0,40,1,31,0.0888
1208,3224.0,532,4,32,0.0886
1209,1299.0,219,6,32,0.0884
1210,424.0,80,2,32,0.0883
1211,484.0,92,2,32,0.0881
1212,519.0,99,2,32,0.0879
1213,534.0,93,3,32,0.0877
1214,1329.0,225,6,32,0.0876
1215,504.0,96,2,32,0.0874
1216,3656.5,603,6,33,0.0872
1217,1344.0,228,6,33,0.0870
1218,419.0,79,2,33,0.0869
1219,909.0,159,4,33,0.0867
1220,4039.0,677,6,34,0.0865
1221,904.0,158,4,34,0.0863
1222,899.0,157,4,34,0.0862
1223,3714.0,612,6,35,0.0860
1224,3779.0,625,6,36,0.0858
1225,1124.0,193,5,36,0.0857
1226,3584.0,595,5,37,0.0855
1227,3754.0,620,6,38,0.0853
1228,1145.5,246,5,38,0.0851
1229,539.0,120,3,38,0.0850
1230,896.5,180,4,38,0.0848
1231,464.0,88,2,38,0.0846
1232,564.0,108,2,38,0.0845
1233,428.5,82,2,38,0.0843
1234,974.0,172,4,38,0.0841
1235,554.0,106,2,38,0.0840
1236,459.0,87,2,38,0.0838
1237,504.0,96,2,38,0.0836
1238,464.0,88,2,38,0.0835
1239,469.0,89,2,38,0.0833
1240,454.0,86,2,38,0.0831
1241,3809.5,648,4,39,0.0830
1242,904.0,158,4,39,0.0828
1243,434.0,82,2,39,0.0826
1244,499.0,95,2,39,0.0825
1245,3224.5,531,4,40,0.0823
1246,1024.5,181,4,40,0.0821
1247,469.0,89,2,40,0.0820
1248,464.0,88,2,40,0.0818
1249,474.0,90,2,40,0.0816
1250,444.0,84,2,40,0.0815
1251,434.0,82,2,40,0.0813
1252,939.0,165,4,40,0.0811
1253,989.0,175,4,40,0.0810
1254,909.0,159,4,40,0.0808
1255,599.0,106,3,40,0.0807
1256,889.0,155,4,40,0.0805
1257,1124.0,193,5,40,0.0803
1258,584.0,103,3,40,0.0802
1259,1364.0,232,6,40,0.0800
1260,1404.0,240,6,40,0.0799
1261,1429.0,245,6,40,0.0797
1262,1424.0,244,6,40,0.0795
1263,1164.0,201,5,40,0.0794
1264,10629.0,1743,4,44,0.0792
1265,3301.5,550,4,45,0.0791
1266,1164.0,201,5,45,0.0789
1267,2829.0,471,2,46,0.0787
1268,399.0,75,2,46,0.0786
1269,394.0,74,2,46,0.0784
1270,1164.0,201,5,46,0.0783
1271,3589.0,596,5,47,0.0781
1272,1374.0,234,6,47,0.0780
1273,3909.0,651,6,48,0.0778
1274,994.0,176,4,48,0.0776
1275,1134.0,195,5,48,0.0775
1276,1169.0,202,5,48,0.0773
1277,1429.0,245,6,48,0.0772
1278,1329.0,225,6,48,0.0770
1279,924.0,162,4,48,0.0769
1280,158.5,37,1,48,0.0767
1281,3739.0,617,6,49,0.0766
1282,1124.0,193,5,49,0.0764
1283,3729.0,624,5,50,0.0763
1284,3479.0,574,5,51,0.0761
1285,1104.0,189,5,51,0.0760
1286,1099.0,188,5,51,0.0758
1287,1099.0,188,5,51,0.0757
1288,1089.0,186,5,51,0.0755
1289,1096.5,190,5,51,0.0754
1290,1104.0,189,5,51,0.0752
1291,1099.0,188,5,51,0.0751
1292,1104.0,189,5,51,0.0749
1293,1089.0,186,5,51,0.0748
1294,1133.0,197,5,51,0.0746
1295,1199.0,208,5,51,0.0745
1296,914.0,160,4,51,0.0743
1297,1129.0,194,5,51,0.0742
1298,1314.0,231,5,51,0.0740
1299,884.0,154,4,51,0.0739
1300,424.0,80,2,51,0.0737
1301,449.0,85,2,51,0.0736
1302,1504.0,269,5,51,0.0734
1303,1144.0,197,5,51,0.0733
1304,1106.5,192,5,51,0.0731
1305,889.0,155,4,51,0.0730
1306,1124.0,193,5,51,0.0728
1307,1089.0,186,5,51,0.0727
1308,1116.5,194,5,51,0.0725
1309,3529.0,584,5,52,0.0724
1310,1124.0,193,5,52,0.0722
1311,4627.0,874,0,54,0.0721
1312,582.0,104,3,54,0.0720
1313,1394.0,238,6,54,0.0718
1314,959.0,169,4,54,0.0717
1315,954.0,168,4,54,0.0715
1316,3974.0,700,2,55,0.0714
1317,194.0,43,1,55,0.0712
1318,939.0,165,4,55,0.0711
1319,1194.0,207,5,55,0.0710
1320,1129.0,194,5,55,0.0708
1321,1083.5,186,5,55,0.0707
1322,909.0,159,4,55,0.0705
1323,1134.0,195,5,55,0.0704
1324,1084.0,185,5,55,0.0703
1325,1104.0,189,5,55,0.0701
1326,1128.0,196,5,55,0.0700
1327,5984.0,985,5,57,0.0698
1328,3849.0,639,6,58,0.0697
1329,414.0,78,2,58,0.0696
1330,1184.0,205,5,58,0.0694
1331,3744.0,618,6,59,0.0693
1332,6124.0,1004,6,61,0.0691
1333,10134.0,1662,2,65,0.0690
1334,464.0,88,2,65,0.0689
1335,451.5,88,2,65,0.0687
1336,1919.0,343,6,65,0.0686
1337,3774.0,624,6,66,0.0684
1338,154.0,35,1,66,0.0683
1339,3804.0,630,6,67,0.0682
1340,464.0,88,2,67,0.0680
1341,719.0,130,3,67,0.0679
1342,1329.0,225,6,67,0.0678
1343,3133.0,534,2,68,0.0676
1344,1329.0,225,6,68,0.0675
1345,1379.0,235,6,68,0.0674
1346,3773.5,625,6,69,0.0672
1347,1334.0,226,6,69,0.0671
1348,1539.0,267,6,69,0.0670
1349,3884.0,646,6,70,0.0668
1350,419.0,79,2,70,0.0667
1351,179.0,40,1,70,0.0666
1352,1324.0,224,6,70,0.0664
1353,409.0,77,2,70,0.0663
1354,429.0,81,2,70,0.0662
1355,524.0,100,2,70,0.0660
1356,12239.0,2000,0,75,0.0659
1357,5909.0,979,4,77,0.0658
1358,3774.0,624,6,78,0.0656
1359,929.0,163,4,78,0.0655
1360,884.0,154,4,78,0.0654
1361,399.0,75,2,78,0.0652
1362,1454.0,250,6,78,0.0651
1363,1314.5,221,6,78,0.0650
1364,1114.0,191,5,78,0.0648
1365,1329.0,225,6,78,0.0647
1366,1449.0,249,6,78,0.0646
1367,408.5,78,2,78,0.0645
1368,1129.0,194,5,78,0.0643
1369,3919.0,653,6,79,0.0642
1370,379.0,71,2,79,0.0641
1371,5906.5,972,5,81,0.0639
1372,474.0,90,2,81,0.0638
1373,459.0,87,2,81,0.0637
1374,399.0,75,2,81,0.0636
1375,479.0,91,2,81,0.0634
1376,504.5,95,2,81,0.0633
1377,8274.0,1353,5,84,0.0632
1378,6059.0,991,6,86,0.0631
1379,1119.0,192,5,86,0.0629
1380,3274.0,542,4,87,0.0628
1381,8154.0,1338,4,90,0.0627
1382,519.0,99,2,90,0.0626
1383,434.0,82,2,90,0.0624
1384,554.0,97,3,90,0.0623
1385,10664.0,1741,5,94,0.0622
1386,1239.0,216,5,94,0.0621
1387,1339.0,227,6,94,0.0619
1388,1109.0,190,5,94,0.0618
1389,1114.0,191,5,94,0.0617
1390,1134.0,195,5,94,0.0616
1391,1094.0,187,5,94,0.0614
1392,464.0,88,2,94,0.0613
1393,914.0,160,4,94,0.0612
1394,909.0,159,4,94,0.0611
1395,1159.0,200,5,94,0.0609
1396,369.0,69,2,94,0.0608
1397,1159.0,200,5,94,0.0607
1398,1314.0,222,6,94,0.0606
1399,464.0,88,2,94,0.0605
1400,1224.0,222,4,94,0.0603
1401,409.0,77,2,94,0.0602
1402,1184.0,205,5,94,0.0601
1403,1484.0,274,4,94,0.0600
1404,474.0,90,2,94,0.0599
1405,1154.0,199,5,94,0.0597
1406,3543.0,589,5,95,0.0596
1407,1103.5,190,5,95,0.0595
1408,1049.0,178,5,95,0.0594
1409,964.0,170,4,95,0.0593
1410,3909.0,660,5,96,0.0591
1411,1129.0,194,5,96,0.0590
1412,1086.5,188,5,96,0.0589
1413,1209.0,210,5,96,0.0588
1414,1089.0,186,5,96,0.0587
1415,1094.0,187,5,96,0.0586
1416,1084.0,185,5,96,0.0584
1417,1119.0,192,5,96,0.0583
1418,815.0,231,4,96,0.0582
1419,1124.0,193,5,96,0.0581
1420,1184.0,205,5,96,0.0580
1421,6248.0,1031,6,98,0.0579
1422,934.0,164,4,98,0.0577
1423,1364.0,232,6,98,0.0576
1424,12284.0,2000,1,103,0.0575
1425,1514.0,271,5,103,0.0574
1426,1069.0,182,5,103,0.0573
1427,1119.0,192,5,103,0.0572
1428,1039.0,176,5,103,0.0570
1429,1089.0,186,5,103,0.0569
1430,1084.0,185,5,103,0.0568
1431,1359.0,231,6,103,0.0567
1432,444.0,84,2,103,0.0566
1433,904.0,158,4,103,0.0565
1434,1099.0,188,5,103,0.0564
1435,904.0,158,4,103,0.0563
1436,479.0,91,2,103,0.0561
1437,3694.0,617,5,104,0.0560
1438,1103.0,191,5,104,0.0559
1439,1159.0,200,5,104,0.0558
1440,619.0,110,3,104,0.0557
1441,1104.0,189,5,104,0.0556
1442,429.0,81,2,104,0.0555
1443,1114.0,191,5,104,0.0554
1444,1069.0,182,5,104,0.0552
1445,1069.0,182,5,104,0.0551
1446,1074.0,183,5,104,0.0550
1447,12284.0,2000,1,109,0.0549
1448,1094.0,187,5,109,0.0548
1449,1526.5,276,5,109,0.0547
1450,434.0,82,2,109,0.0546
1451,874.0,152,4,109,0.0545
1452,1444.0,248,6,109,0.0544
1453,569.0,100,3,109,0.0543
1454,869.0,151,4,109,0.0542
1455,904.0,158,4,109,0.0540
1456,419.0,79,2,109,0.0539
1457,5989.0,986,5,111,0.0538
1458,3754.0,629,5,112,0.0537
1459,1114.0,191,5,112,0.0536
1460,1099.0,188,5,112,0.0535
1461,1094.0,187,5,112,0.0534
1462,3559.0,590,5,113,0.0533
1463,1149.0,198,5,113,0.0532
1464,5934.0,975,5,115,0.0531
1465,3289.0,545,4,116,0.0530
1466,1074.0,183,5,116,0.0529
1467,1114.0,191,5,116,0.0528
1468,1114.0,191,5,116,0.0527
1469,584.5,102,3,116,0.0526
1470,959.0,169,4,116,0.0524
1471,1169.0,202,5,116,0.0523
1472,1104.0,189,5,116,0.0522
1473,1099.0,188,5,116,0.0521
1474,1169.0,202,5,116,0.0520
1475,1144.0,197,5,116,0.0519
1476,12289.5,2000,1,121,0.0518
1477,989.0,175,4,121,0.0517
1478,259.0,56,1,121,0.0516
1479,429.0,81,2,121,0.0515
1480,1354.0,239,5,121,0.0514
1481,1109.0,190,5,121,0.0513
1482,1134.0,195,5,121,0.0512
1483,1034.0,175,5,121,0.0511
1484,5259.5,866,2,123,0.0510
1485,1104.0,189,5,123,0.0509
1486,3839.0,646,5,124,0.0508
1487,3529.5,583,5,125,0.0507
1488,1114.0,191,5,125,0.0506
1489,374.0,70,2,125,0.0505
1490,6209.0,1021,6,127,0.0504
1491,118.5,29,1,127,0.0503
1492,924.0,162,4,127,0.0502
1493,399.0,75,2,127,0.0501
1494,414.0,78,2,127,0.0500
1495,1489.0,257,6,127,0.0500
1496,439.0,83,2,127,0.0500
1497,514.0,98,2,127,0.0500
1498,4619.0,802,5,128,0.0500
1499,974.0,172,4,128,0.0500
1500,914.0,160,4,128,0.0500
1501,1089.0,186,5,128,0.0500
1502,1109.5,189,5,128,0.0500
1503,1134.0,195,5,128,0.0500
1504,6004.0,989,5,130,0.0500
1505,3554.0,589,5,131,0.0500
1506,8654.0,1420,6,134,0.0500
1507,439.0,83,2,134,0.0500
1508,1009.0,179,4,134,0.0500
1509,1514.0,262,6,134,0.0500
1510,514.0,98,2,134,0.0500
1511,1204.0,209,5,134,0.0500
1512,389.0,73,2,134,0.0500
1513,1169.0,202,5,134,0.0500
1514,1524.0,273,5,134,0.0500
1515,9219.0,1515,8,137,0.0500
1516,549.0,105,2,137,0.0500
1517,1369.0,233,6,137,0.0500
1518,8844.0,1458,6,140,0.0500
1519,12284.0,2000,1,145,0.0500
1520,3363.0,562,4,146,0.0500
1521,917.5,164,4,146,0.0500
1522,10874.0,1783,5,150,0.0500
1523,11054.0,1810,6,154,0.0500
1524,3879.0,645,6,155,0.0500
1525,6919.0,1136,9,157,0.0500
1526,464.0,88,2,157,0.0500
1527,5963.0,983,5,159,0.0500
1528,489.0,93,2,159,0.0500
1529,449.0,85,2,159,0.0500
1530,12284.0,2000,1,164,0.0500
1531,1578.5,276,6,164,0.0500
1532,389.0,73,2,164,0.0500
1533,464.0,88,2,164,0.0500
1534,999.0,177,4,164,0.0500
1535,939.0,165,4,164,0.0500
1536,939.0,165,4,164,0.0500
1537,904.0,158,4,164,0.0500
1538,424.0,80,2,164,0.0500
1539,1469.0,253,6,164,0.0500
1540,12284.0,2000,1,169,0.0500
1541,1479.0,255,6,169,0.0500
1542,3839.0,637,6,170,0.0500
1543,449.0,85,2,170,0.0500
1544,424.0,80,2,170,0.0500
1545,1194.0,207,5,170,0.0500
1546,1089.0,186,5,170,0.0500
1547,1379.0,235,6,170,0.0500
1548,464.0,88,2,170,0.0500
1549,3799.0,638,5,171,0.0500
1550,1094.0,187,5,171,0.0500
1551,1089.0,186,5,171,0.0500
1552,1084.0,185,5,171,0.0500
1553,1079.0,184,5,171,0.0500
1554,5864.0,961,5,173,0.0500
1555,1074.0,183,5,173,0.0500
1556,11089.0,1817,6,177,0.0500
1557,1409.0,241,6,177,0.0500
1558,404.0,76,2,177,0.0500
1559,979.0,173,4,177,0.0500
1560,10589.0,1735,4,181,0.0500
1561,1769.0,313,6,181,0.0500
1562,1929.0,345,6,181,0.0500
1563,109.0,26,1,181,0.0500
1564,899.0,157,4,181,0.0500
1565,919.0,161,4,181,0.0500
1566,1359.0,231,6,181,0.0500
1567,1079.0,184,5,181,0.0500
1568,1199.0,208,5,181,0.0500
1569,1363.5,233,6,181,0.0500
1570,1204.0,209,5,181,0.0500
1571,1759.0,311,6,181,0.0500
1572,2854.0,476,2,182,0.0500
1573,1074.0,183,5,182,0.0500
1574,3059.0,517,2,183,0.0500
1575,359.0,67,2,183,0.0500
1576,504.0,96,2,183,0.0500
1577,509.0,97,2,183,0.0500
1578,454.0,86,2,183,0.0500
1579,589.0,104,3,183,0.0500
1580,504.0,96,2,183,0.0500
1581,964.0,170,4,183,0.0500
1582,419.0,79,2,183,0.0500
1583,869.0,151,4,183,0.0500
1584,439.0,83,2,183,0.0500
1585,419.0,79,2,183,0.0500
1586,429.0,81,2,183,0.0500
1587,469.0,89,2,183,0.0500
1588,464.0,88,2,183,0.0500
1589,424.0,80,2,183,0.0500
1590,384.0,72,2,183,0.0500
1591,389.0,73,2,183,0.0500
1592,634.0,122,2,183,0.0500
1593,10504.0,1790,6,186,0.0500
1594,9804.0,1659,5,189,0.0500
1595,5769.0,969,2,191,0.0500
1596,5314.0,878,2,193,0.0500
1597,474.0,90,2,193,0.0500
1598,484.5,91,2,193,0.0500
1599,3804.0,666,2,194,0.0500
1600,1784.0,316,6,194,0.0500
1601,1194.0,216,4,194,0.0500
1602,469.0,89,2,194,0.0500
1603,439.0,83,2,194,0.0500
1604,489.0,93,2,194,0.0500
1605,1084.0,185,5,194,0.0500
1606,1064.0,181,5,194,0.0500
1607,1309.0,221,6,194,0.0500
1608,1144.0,197,5,194,0.0500
1609,1359.0,231,6,194,0.0500
1610,1484.0,256,6,194,0.0500
1611,864.0,150,4,194,0.0500
1612,1014.0,180,4,194,0.0500
1613,894.0,156,4,194,0.0500
1614,1289.0,217,6,194,0.0500
1615,3644.0,598,6,195,0.0500
1616,1299.0,219,6,195,0.0500
1617,1309.0,221,6,195,0.0500
1618,1304.0,220,6,195,0.0500
1619,1089.0,186,5,195,0.0500
1620,3459.0,570,5,196,0.0500
1621,1324.0,224,6,196,0.0500
1622,1329.0,225,6,196,0.0500
1623,3459.0,570,5,197,0.0500
1624,1104.0,189,5,197,0.0500
1625,859.5,148,4,197,0.0500
1626,894.0,156,4,197,0.0500
1627,907.5,162,4,197,0.0500
1628,1124.0,193,5,197,0.0500
1629,12289.5,2000,1,202,0.0500
1630,994.0,176,4,202,0.0500
1631,447.5,88,2,202,0.0500
1632,924.0,162,4,202,0.0500
1633,534.0,102,2,202,0.0500
1634,444.0,84,2,202,0.0500
1635,468.0,91,2,202,0.0500
1636,439.0,83,2,202,0.0500
1637,12374.0,2000,3,207,0.0500
1638,9907.5,1674,6,210,0.0500
1639,11409.0,1881,6,214,0.0500
1640,889.0,155,4,214,0.0500
1641,6084.0,1014,4,216,0.0500
1642,5259.0,867,2,218,0.0500
1643,6564.0,1101,5,220,0.0500
1644,2929.0,491,2,221,0.0500
1645,924.0,162,4,221,0.0500
1646,919.0,161,4,221,0.0500
1647,9044.0,1507,5,224,0.0500
1648,1419.0,252,5,224,0.0500
1649,399.0,75,2,224,0.0500
1650,12284.0,2000,1,229,0.0500
1651,1529.0,265,6,229,0.0500
1652,6489.0,1077,6,231,0.0500
1653,889.0,155,4,231,0.0500
1654,584.0,103,3,231,0.0500
1655,1359.0,231,6,231,0.0500
1656,1049.0,187,4,231,0.0500
1657,1074.0,183,5,231,0.0500
1658,1484.0,247,7,231,0.0500
1659,1064.0,181,5,231,0.0500
1660,1189.0,206,5,231,0.0500
1661,1094.0,187,5,231,0.0500
1662,1064.5,180,5,231,0.0500
1663,1059.0,180,5,231,0.0500
1664,1114.0,191,5,231,0.0500
1665,1039.0,176,5,231,0.0500
1666,1359.0,231,6,231,0.0500
1667,1354.0,230,6,231,0.0500
1668,914.0,160,4,231,0.0500
1669,1154.0,199,5,231,0.0500
1670,1064.0,181,5,231,0.0500
1671,1059.0,180,5,231,0.0500
1672,1079.0,184,5,231,0.0500
1673,1294.0,218,6,231,0.0500
1674,3454.0,569,5,232,0.0500
1675,829.0,143,4,232,0.0500
1676,1084.0,185,5,232,0.0500
1677,5779.0,944,5,234,0.0500
1678,12284.0,2000,1,239,0.0500
1679,2879.0,481,2,240,0.0500
1680,11234.0,1846,6,244,0.0500
1681,911.5,162,4,244,0.0500
1682,1454.0,250,6,244,0.0500
1683,3064.0,518,2,245,0.0500
1684,3374.5,561,4,246,0.0500
1685,359.0,67,2,246,0.0500
1686,889.0,155,4,246,0.0500
1687,1084.0,185,5,246,0.0500
1688,3714.0,621,5,247,0.0500
1689,1384.0,236,6,247,0.0500
1690,444.0,84,2,247,0.0500
1691,1194.0,216,4,247,0.0500
1692,1099.0,188,5,247,0.0500
1693,1389.0,237,6,247,0.0500
1694,969.0,171,4,247,0.0500
1695,424.0,80,2,247,0.0500
1696,9689.0,1645,4,250,0.0500
1697,8454.0,1389,5,253,0.0500
1698,1114.0,191,5,253,0.0500
1699,1139.5,195,5,253,0.0500
1700,5224.0,860,2,255,0.0500
1701,3579.5,593,5,256,0.0500
1702,834.0,144,4,256,0.0500
1703,1184.0,205,5,256,0.0500
1704,3589.0,596,5,257,0.0500
1705,1119.5,191,5,257,0.0500
1706,1214.0,211,5,257,0.0500
1707,909.0,159,4,257,0.0500
1708,1194.0,207,5,257,0.0500
1709,1199.0,208,5,257,0.0500
1710,1284.0,225,5,257,0.0500
1711,1119.5,191,5,257,0.0500
1712,1124.0,193,5,257,0.0500
1713,1209.0,219,4,257,0.0500
1714,1929.0,354,5,257,0.0500
1715,1339.5,235,5,257,0.0500
1716,1104.0,189,5,257,0.0500
1717,1083.0,187,5,257,0.0500
1718,1084.0,185,5,257,0.0500
1719,1094.0,187,5,257,0.0500
1720,1104.0,189,5,257,0.0500
1721,1104.0,189,5,257,0.0500
1722,1084.0,185,5,257,0.0500
1723,1104.0,189,5,257,0.0500
1724,869.0,151,4,257,0.0500
1725,12284.0,2000,1,262,0.0500
1726,1209.0,210,5,262,0.0500
1727,1194.0,207,5,262,0.0500
1728,429.0,81,2,262,0.0500
1729,894.0,156,4,262,0.0500
1730,1094.0,187,5,262,0.0500
1731,894.0,156,4,262,0.0500
1732,1114.0,191,5,262,0.0500
1733,1109.0,190,5,262,0.0500
1734,1104.0,189,5,262,0.0500
1735,1089.0,186,5,262,0.0500
1736,1129.0,194,5,262,0.0500
1737,1089.0,186,5,262,0.0500
1738,1119.0,192,5,262,0.0500
1739,1119.0,192,5,262,0.0500
1740,751.0,152,2,262,0.0500
1741,619.0,119,2,262,0.0500
1742,1229.0,223,4,262,0.0500
1743,1159.0,200,5,262,0.0500
1744,904.5,157,4,262,0.0500
1745,1059.0,189,4,262,0.0500
1746,1099.5,187,5,262,0.0500
1747,1134.0,195,5,262,0.0500
1748,1164.0,201,5,262,0.0500
1749,444.0,84,2,262,0.0500
1750,431.5,84,2,262,0.0500
1751,1159.0,200,5,262,0.0500
1752,1134.0,195,5,262,0.0500
1753,12273.0,2000,1,267,0.0500
1754,1033.0,186,4,267,0.0500
1755,1174.0,212,4,267,0.0500
1756,889.0,155,4,267,0.0500
1757,1104.0,189,5,267,0.0500
1758,1109.0,190,5,267,0.0500
1759,1104.0,189,5,267,0.0500
1760,5649.0,927,4,269,0.0500
1761,1094.0,187,5,269,0.0500
1762,1214.0,211,5,269,0.0500
1763,1271.0,229,5,269,0.0500
1764,1119.0,192,5,269,0.0500
1765,1084.5,184,5,269,0.0500
1766,3694.0,617,5,270,0.0500
1767,1099.0,188,5,270,0.0500
1768,1089.0,186,5,270,0.0500
1769,3574.0,593,5,271,0.0500
1770,1044.5,176,5,271,0.0500
1771,1125.0,191,5,271,0.0500
1772,1120.0,190,5,271,0.0500
1773,1185.0,203,5,271,0.0500
1774,5925.0,971,5,273,0.0500
1775,3025.0,499,3,274,0.0500
1776,1195.0,205,5,274,0.0500
1777,1220.0,210,5,274,0.0500
1778,455.0,84,2,274,0.0500
1779,1189.5,205,5,274,0.0500
1780,3565.0,589,5,275,0.0500
1781,1110.0,188,5,275,0.0500
1782,1374.5,233,6,275,0.0500
1783,940.0,163,4,275,0.0500
1784,185.0,39,1,275,0.0500
1785,8550.0,1415,4,278,0.0500
1786,1335.0,224,6,278,0.0500
1787,410.0,75,2,278,0.0500
1788,490.0,91,2,278,0.0500
1789,560.0,105,2,278,0.0500
1790,480.0,89,2,278,0.0500
1791,1085.0,183,5,278,0.0500
1792,3795.0,626,6,279,0.0500
1793,6145.0,1006,6,281,0.0500
1794,1035.0,182,4,281,0.0500
1795,915.0,158,4,281,0.0500
1796,1415.0,240,6,281,0.0500
1797,1440.0,245,6,281,0.0500
1798,915.0,158,4,281,0.0500
1799,915.0,158,4,281,0.0500
1800,1100.0,186,5,281,0.0500
1801,3510.0,578,5,282,0.0500
1802,435.0,80,2,282,0.0500
1803,490.0,91,2,282,0.0500
1804,565.0,97,3,282,0.0500
1805,2975.0,498,2,283,0.0500
1806,1325.0,222,6,283,0.0500
1807,1140.0,194,5,283,0.0500
1808,450.0,83,2,283,0.0500
1809,12295.0,2000,1,288,0.0500
1810,1005.0,176,4,288,0.0500
1811,1360.0,229,6,288,0.0500
1812,190.0,40,1,288,0.0500
1813,3740.0,615,6,289,0.0500
1814,3925.0,652,6,290,0.0500
1815,1985.0,354,6,290,0.0500
1816,925.0,160,4,290,0.0500
1817,1355.0,228,6,290,0.0500
1818,900.0,155,4,290,0.0500
1819,1065.0,179,5,290,0.0500
1820,12295.0,2000,1,295,0.0500
1821,415.0,76,2,295,0.0500
1822,420.0,77,2,295,0.0500
1823,425.0,78,2,295,0.0500
1824,470.0,87,2,295,0.0500
1825,3805.0,628,6,296,0.0500
1826,1355.0,228,6,296,0.0500
1827,1305.0,236,4,296,0.0500
1828,420.0,77,2,296,0.0500
1829,1115.0,189,5,296,0.0500
1830,1315.0,220,6,296,0.0500
1831,860.0,147,4,296,0.0500
1832,1335.0,224,6,296,0.0500
1833,490.0,91,2,296,0.0500
1834,210.0,44,1,296,0.0500
1835,390.0,71,2,296,0.0500
1836,1320.0,239,4,296,0.0500
1837,1355.0,228,6,296,0.0500
1838,1460.0,267,4,296,0.0500
1839,2835.0,470,2,297,0.0500
1840,555.0,104,2,297,0.0500
1841,530.0,99,2,297,0.0500
1842,405.0,74,2,297,0.0500
1843,425.0,78,2,297,0.0500
1844,400.0,73,2,297,0.0500
1845,415.0,76,2,297,0.0500
1846,1215.0,209,5,297,0.0500
1847,1308.5,222,6,297,0.0500
1848,1350.0,227,6,297,0.0500
1849,455.0,84,2,297,0.0500
1850,455.0,84,2,297,0.0500
1851,1065.0,179,5,297,0.0500
1852,1065.0,179,5,297,0.0500
1853,465.0,86,2,297,0.0500
1854,425.0,78,2,297,0.0500
1855,425.0,78,2,297,0.0500
1856,430.0,79,2,297,0.0500
1857,415.0,76,2,297,0.0500
1858,400.0,73,2,297,0.0500
1859,425.0,78,2,297,0.0500
1860,435.0,80,2,297,0.0500
1861,445.0,82,2,297,0.0500
1862,940.0,163,4,297,0.0500
1863,420.0,77,2,297,0.0500
1864,440.0,81,2,297,0.0500
1865,440.0,81,2,297,0.0500
1866,429.5,80,2,297,0.0500
1867,915.0,158,4,297,0.0500
1868,3244.5,535,4,298,0.0500
1869,875.0,150,4,298,0.0500
1870,3634.5,595,6,299,0.0500
1871,869.0,151,4,299,0.0500
1872,1060.0,178,5,299,0.0500
1873,1080.0,182,5,299,0.0500
1874,1355.0,228,6,299,0.0500
1875,875.0,150,4,299,0.0500
1876,1305.0,218,6,299,0.0500
1877,3350.0,555,4,300,0.0500
1878,890.0,153,4,300,0.0500
1879,870.0,149,4,300,0.0500
1880,575.0,99,3,300,0.0500
1881,855.0,146,4,300,0.0500
1882,465.0,86,2,300,0.0500
1883,1355.0,228,6,300,0.0500
1884,5780.0,942,5,302,0.0500
1885,1100.0,186,5,302,0.0500
1886,1085.0,183,5,302,0.0500
1887,1070.0,180,5,302,0.0500
1888,3260.0,537,4,303,0.0500
1889,1090.0,184,5,303,0.0500
1890,3725.0,612,6,304,0.0500
1891,1290.0,215,6,304,0.0500
1892,5965.0,970,6,306,0.0500
1893,3635.0,594,6,307,0.0500
1894,3410.0,558,5,308,0.0500
1895,1345.0,226,6,308,0.0500
1896,1450.0,247,6,308,0.0500
1897,6255.0,1028,6,310,0.0500
1898,3480.0,572,5,311,0.0500
1899,3615.0,590,6,312,0.0500
1900,8365.0,1360,6,315,0.0500
1901,3390.0,554,5,316,0.0500
1902,3360.0,557,4,317,0.0500
1903,555.0,95,3,317,0.0500
1904,415.0,76,2,317,0.0500
1905,3930.0,662,5,318,0.0500
1906,1470.0,251,6,318,0.0500
1907,1405.0,238,6,318,0.0500
1908,3699.5,626,4,319,0.0500
1909,3325.0,550,4,320,0.0500
1910,8365.0,1378,4,323,0.0500
1911,475.0,88,2,323,0.0500
1912,3390.0,563,4,324,0.0500
1913,12294.5,2001,1,329,0.0500
1914,3895.0,646,6,330,0.0500
1915,429.0,81,2,330,0.0500
1916,455.0,84,2,330,0.0500
1917,415.0,76,2,330,0.0500
1918,3685.0,613,5,331,0.0500
1919,1075.0,181,5,331,0.0500
1920,1075.0,181,5,331,0.0500
1921,1115.0,189,5,331,0.0500
1922,3490.0,574,5,332,0.0500
1923,1085.0,183,5,332,0.0500
1924,1115.0,189,5,332,0.0500
1925,2875.0,478,2,333,0.0500
1926,925.0,160,4,333,0.0500
1927,8240.0,1353,4,336,0.0500
1928,440.0,81,2,336,0.0500
1929,950.0,165,4,336,0.0500
1930,425.0,78,2,336,0.0500
1931,434.5,81,2,336,0.0500
1932,1350.0,227,6,336,0.0500
1933,5785.0,952,4,338,0.0500
1934,1195.0,205,5,338,0.0500
1935,190.0,40,1,338,0.0500
1936,380.0,69,2,338,0.0500
1937,5985.0,992,4,340,0.0500
1938,400.0,73,2,340,0.0500
1939,200.0,42,1,340,0.0500
1940,12340.0,2000,2,345,0.0500
1941,12295.0,2000,1,350,0.0500
1942,3800.0,627,6,351,0.0500
1943,920.0,159,4,351,0.0500
1944,400.0,73,2,351,0.0500
1945,1244.5,225,4,351,0.0500
1946,2930.0,489,2,352,0.0500
1947,950.0,165,4,352,0.0500
1948,415.0,76,2,352,0.0500
1949,1100.0,195,4,352,0.0500
1950,440.0,81,2,352,0.0500
1951,520.0,88,3,352,0.0500
1952,430.0,79,2,352,0.0500
1953,6045.0,986,6,354,0.0500
1954,3475.0,571,5,355,0.0500
1955,12295.0,2000,1,360,0.0500
1956,480.0,89,2,360,0.0500
1957,465.0,86,2,360,0.0500
1958,460.0,85,2,360,0.0500
1959,455.0,84,2,360,0.0500
1960,1429.0,245,6,360,0.0500
1961,505.0,94,2,360,0.0500
1962,445.0,82,2,360,0.0500
1963,440.0,81,2,360,0.0500
1964,3500.0,585,4,361,0.0500
1965,410.0,75,2,361,0.0500
1966,415.0,76,2,361,0.0500
1967,410.0,75,2,361,0.0500
1968,420.0,77,2,361,0.0500
1969,955.0,166,4,361,0.0500
1970,460.0,85,2,361,0.0500
1971,460.0,85,2,361,0.0500
1972,445.0,82,2,361,0.0500
1973,465.0,86,2,361,0.0500
1974,445.0,82,2,361,0.0500
1975,5964.5,971,6,363,0.0500
1976,1365.0,230,6,363,0.0500
1977,1290.0,215,6,363,0.0500
1978,3430.0,562,5,364,0.0500
1979,1080.0,182,5,364,0.0500
1980,175.0,37,1,364,0.0500
1981,1200.0,206,5,364,0.0500
1982,1445.0,246,6,364,0.0500
1983,1415.0,249,5,364,0.0500
1984,1055.0,177,5,364,0.0500
1985,1135.0,193,5,364,0.0500
1986,1080.0,182,5,364,0.0500
1987,1100.0,186,5,364,0.0500
1988,1065.0,179,5,364,0.0500
1989,1060.0,178,5,364,0.0500
1990,12115.0,2000,7,368,0.0500
1991,8415.0,1370,6,371,0.0500
1992,6020.0,999,4,373,0.0500
1993,1280.0,213,6,373,0.0500
1994,1295.0,216,6,373,0.0500
1995,12385.0,2000,3,378,0.0500
1996,12295.0,2000,1,383,0.0500
1997,12205.0,2000,9,387,0.0500
1998,3269.5,558,2,388,0.0500
1999,650.0,123,2,388,0.0500
2000,410.0,75,2,388,0.0500
